p, admin, *, /api/orgs/:slug/units, POST, allow
p, admin, *, /api/orgs/:slug, PUT, allow
p, admin, *, /api/orgs/:slug/units/:unitId, PUT, allow
p, admin, *, /api/orgs/:slug/units/:unitId, DELETE, allow
p, admin, *, /api/orgs/:slug, DELETE, allow
p, admin, *, /api/orgs/:slug/members/:memberId, DELETE, allow
p, admin, *, /api/orgs/:slug/units/:unitId/members/:memberId, DELETE, allow

p, member, *, /api/orgs/:slug/units/:unitId/forms, POST, allow
p, admin,  *, /api/orgs/:slug/units/:unitId/forms, POST, allow
